City,Lat,Lng,Max Temp,Humidity,Cloudiness,Wind Speed,Country,Date
karaul,70.4692,-68.5914,37.63,100.0,100.0,6.91,CA,1658971515.0
cagayan de tawi-tawi,22.0752,-159.319,85.98,64.0,40.0,16.11,US,1658971293.0
clyde river,60.6745,17.1417,49.37,74.0,11.0,1.01,SE,1658971271.0
kapaa,-46.1927,168.8643,47.48,99.0,100.0,3.02,NZ,1658971519.0
gavle,4.9333,-52.3333,76.08,1.0,0.0,0.0,GF,1658971430.0
mataura,-34.4187,19.2345,52.23,83.0,0.0,12.39,ZA,1658971522.0
cayenne,3.0707,172.7902,81.64,77.0,19.0,15.32,KI,1658971523.0
hermanus,12.524,-70.027,80.55,83.0,20.0,14.97,AW,1658971524.0
butaritari,37.2353,39.7631,84.43,15.0,0.0,7.27,TR,1658971526.0
oranjestad,32.6667,-17.1,72.23,74.0,0.0,5.08,PT,1658971527.0
viransehir,37.5683,126.9778,85.57,58.0,20.0,12.66,KR,1658971204.0
ponta do sol,-19.55,169.2667,77.14,83.0,100.0,12.64,VU,1658971529.0
seoul,-23.1203,-134.9692,73.99,69.0,100.0,15.61,PF,1658971247.0
isangel,-33.65,115.3333,58.19,70.0,61.0,10.87,AU,1658971235.0
rikitea,58.3019,-134.4197,68.85,73.0,100.0,5.75,US,1658971503.0
busselton,-21.2,-175.2,80.76,83.0,20.0,9.22,TO,1658971257.0
juneau,62.1444,117.6319,84.0,44.0,0.0,9.08,RU,1658971536.0
vaini,-20.0167,148.2333,64.24,43.0,0.0,8.57,AU,1658971537.0
illoqqortoormiut,-33.9258,18.4232,60.39,77.0,0.0,4.0,ZA,1658971412.0
suntar,77.484,-69.3632,38.41,88.0,48.0,4.23,GL,1658971540.0
bowen,19.7297,-155.09,87.28,77.0,75.0,10.36,US,1658971541.0
cape town,-42.7826,147.0587,52.72,74.0,92.0,1.99,AU,1658971501.0
qaanaaq,-24.7911,-50.0119,57.4,80.0,97.0,3.0,BR,1658971545.0
hilo,22.6783,-3.9836,99.12,6.0,5.0,16.2,ML,1658971547.0
jujuy,48.6038,11.6257,61.25,71.0,100.0,6.33,DE,1658971548.0
new norfolk,-34.5833,150.8552,65.05,56.0,10.0,7.0,AU,1658971549.0
castro,-54.8,-68.3,40.66,87.0,75.0,20.71,AR,1658971290.0
taoudenni,-19.8,-174.35,80.71,74.0,40.0,18.41,TO,1658971552.0
wolnzach,-0.6,73.0833,82.35,73.0,100.0,12.21,MV,1658971553.0
flinders,-12.5763,13.4055,67.59,90.0,93.0,2.8,AO,1658971554.0
ushuaia,45.1667,10.7833,76.24,80.0,5.0,1.01,IT,1658971555.0
pangai,34.9833,139.8667,84.13,83.0,85.0,11.05,JP,1658971291.0
hithadhoo,-21.3585,55.7679,67.59,82.0,19.0,7.27,RE,1658971420.0
benguela,-37.6167,-73.65,48.69,86.0,8.0,6.33,CL,1658971559.0
mantua,65.6145,-37.6368,39.36,96.0,82.0,9.33,GL,1658971333.0
tateyama,48.6499,-53.1147,61.41,94.0,12.0,11.45,CA,1658971563.0
saint-philippe,-33.5906,26.891,62.53,81.0,88.0,14.67,ZA,1658971564.0
lebu,60.7522,-137.5108,55.35,71.0,100.0,4.61,CA,1658971565.0
taolanaro,-46.6,168.3333,47.8,87.0,100.0,12.75,NZ,1658971525.0
tasiilaq,63.05,179.3167,48.34,91.0,100.0,4.0,RU,1658971514.0
bonavista,-53.15,-70.9167,41.11,70.0,20.0,32.21,CL,1658971507.0
port alfred,39.2776,-74.5746,78.3,88.0,100.0,5.01,US,1658971570.0
haines junction,64.4743,40.8524,64.45,100.0,20.0,2.24,RU,1658971571.0
bluff,42.6001,-73.9662,73.81,70.0,100.0,1.61,US,1658970974.0
beringovskiy,9.4942,50.8122,76.73,72.0,99.0,26.71,SO,1658971521.0
punta arenas,-6.6447,-51.995,72.64,53.0,40.0,0.98,BR,1658971576.0
ocean city,39.447,-86.1758,78.98,85.0,91.0,7.09,US,1658971577.0
uyemskiy,69.4541,-133.0374,48.2,87.0,75.0,13.8,CA,1658971434.0
albany,5.4112,100.3354,82.33,85.0,20.0,5.75,MY,1658971580.0
bandarbeyla,-33.8667,121.9,56.59,60.0,0.0,17.54,AU,1658971581.0
amderma,-9.8,-139.0333,76.28,77.0,18.0,22.37,PF,1658971582.0
sao felix do xingu,-45.8742,170.5036,46.8,87.0,100.0,7.0,NZ,1658971583.0
bud,68.75,161.3,54.46,47.0,100.0,4.03,RU,1658971585.0
tuktoyaktuk,-3.8004,102.2655,78.48,79.0,39.0,3.67,ID,1658971438.0
georgetown,61.4681,128.9203,82.4,42.0,0.0,2.8,RU,1658971587.0
esperance,41.2547,67.9692,77.68,38.0,2.0,8.41,KZ,1658971589.0
atuona,42.097,-79.2353,72.99,73.0,100.0,6.91,US,1658971590.0
dunedin,-10.0681,-78.1522,63.05,85.0,36.0,10.76,PE,1658971591.0
cherskiy,65.8481,24.1466,51.82,87.0,95.0,9.93,FI,1658971592.0
bengkulu,-20.4081,57.7,67.24,94.0,40.0,4.61,MU,1658971433.0
mokhsogollokh,-13.6833,48.45,69.1,91.0,89.0,2.55,MG,1658971595.0
chardara,62.456,-114.3525,66.72,68.0,75.0,11.5,CA,1658971549.0
jamestown,50.0,88.6667,57.96,48.0,5.0,1.43,RU,1658971597.0
huarmey,-0.8833,131.25,81.1,80.0,13.0,2.57,ID,1658971599.0
tornio,34.4839,-114.3224,101.23,30.0,0.0,5.99,US,1658971600.0
mahebourg,-33.0153,27.9116,63.88,76.0,100.0,8.61,ZA,1658971601.0
ambanja,62.2266,-6.589,52.72,93.0,70.0,13.56,FO,1658971375.0
yellowknife,55.2104,34.2951,60.55,96.0,100.0,3.8,RU,1658971604.0
kosh-agach,67.8006,130.4114,77.67,47.0,70.0,4.83,RU,1658971394.0
sorong,63.8424,-22.4338,49.95,93.0,75.0,23.02,IS,1658971606.0
lake havasu city,71.6872,128.8694,68.52,58.0,73.0,6.49,RU,1658971608.0
east london,14.2,24.6667,73.44,61.0,99.0,4.7,SD,1658971610.0
klaksvik,-13.7,-76.2167,62.65,82.0,20.0,2.3,PE,1658971611.0
vyazma,63.5592,27.1907,55.09,92.0,100.0,4.59,FI,1658971613.0
batagay-alyta,7.9986,124.2928,78.71,72.0,89.0,1.36,PH,1658971614.0
grindavik,-38.2667,141.9667,51.04,77.0,100.0,8.55,AU,1658971560.0
mys shmidta,-33.4569,-70.6483,53.85,77.0,75.0,5.75,CL,1658971053.0
tiksi,16.8634,-99.8901,82.22,78.0,75.0,3.44,MX,1658971619.0
kutum,69.7008,170.3133,35.74,88.0,96.0,2.57,RU,1658971424.0
pisco,65.3667,64.6667,59.86,68.0,35.0,6.6,RU,1658971463.0
iisalmi,42.8666,-106.3131,84.79,30.0,0.0,16.11,US,1658971504.0
marawi,61.9875,5.1352,45.27,71.0,28.0,7.07,NO,1658971421.0
utiroa,35.7333,140.8333,91.29,81.0,66.0,15.01,JP,1658971624.0
codrington,-17.7333,-149.15,76.84,79.0,48.0,26.73,PF,1658971626.0
santiago,28.6585,-17.9182,72.12,90.0,20.0,17.27,ES,1658971627.0
acapulco,4.1363,96.1285,76.59,86.0,100.0,2.84,ID,1658971628.0
pevek,69.3833,178.4167,38.86,81.0,100.0,5.73,RU,1658971630.0
muzhi,-16.4833,-151.75,79.16,74.0,14.0,26.64,PF,1658971631.0
casper,48.6758,24.4138,55.42,83.0,11.0,3.11,UA,1658971632.0
raudeberg,58.1376,7.07,51.89,81.0,86.0,7.81,NO,1658971634.0
hasaki,22.2855,114.1577,90.25,79.0,0.0,4.0,HK,1658971419.0
tautira,-28.7667,114.6,61.21,72.0,40.0,10.36,AU,1658971636.0
los llanos de aridane,31.61,34.7642,77.4,68.0,0.0,2.98,IL,1658971637.0
meulaboh,-2.5744,150.7967,85.1,71.0,20.0,18.52,PG,1658971639.0
leningradskiy,44.9333,130.5333,82.22,72.0,95.0,4.43,CN,1658971640.0
faanui,54.7169,-113.2854,80.69,50.0,40.0,4.47,CA,1658971635.0
markova,-0.9492,100.3543,75.25,69.0,43.0,3.27,ID,1658971642.0
lyngdal,45.5234,-122.6762,99.55,39.0,20.0,10.36,US,1658970993.0
victoria,40.2833,97.2,82.94,15.0,99.0,5.95,CN,1658971646.0
geraldton,43.213,-8.691,61.86,79.0,62.0,1.83,ES,1658971647.0
gat,65.282,-126.8329,66.24,39.0,75.0,2.3,CA,1658971635.0
kavieng,55.7435,-97.8558,60.96,77.0,75.0,4.61,CA,1658971594.0
bamiantong,55.1001,-105.2842,71.85,33.0,40.0,8.05,CA,1658971651.0
athabasca,37.5228,42.4594,70.56,16.0,0.0,6.98,TR,1658971652.0
padang,51.0061,82.0,68.9,52.0,62.0,3.74,RU,1658971653.0
portland,39.2667,141.8833,78.66,78.0,33.0,5.23,JP,1658971655.0
belushya guba,47.6666,-52.7314,64.58,87.0,20.0,9.22,CA,1658971558.0
yumen,7.5833,0.6,70.68,98.0,66.0,3.29,TG,1658971658.0
carballo,60.3964,-1.353,52.0,80.0,61.0,6.31,GB,1658971659.0
norman wells,-19.0595,-169.9187,78.69,78.0,17.0,16.11,NU,1658971661.0
thompson,13.5137,2.1098,82.69,61.0,100.0,9.22,NE,1658971466.0
la ronge,18.3851,42.4509,64.51,66.0,100.0,5.88,SA,1658971388.0
sirnak,-35.35,150.4667,60.66,49.0,13.0,3.04,AU,1658971665.0
staroaleyskoye,22.8909,-109.9124,88.11,51.0,20.0,14.97,MX,1658971646.0
kamaishi,-42.8794,147.3294,53.06,62.0,20.0,8.05,AU,1658971426.0
palabuhanratu,71.9667,102.5,68.72,50.0,76.0,1.68,RU,1658971669.0
torbay,40.5982,-124.1573,66.92,77.0,0.0,14.97,US,1658971670.0
badou,59.7035,30.7861,57.09,95.0,0.0,4.5,RU,1658971672.0
brae,-43.249,-65.3051,41.0,79.0,5.0,13.58,AR,1658971673.0
alofi,-9.4333,159.95,87.55,62.0,100.0,7.74,SB,1658971463.0
niamey,-30.7414,30.455,63.41,82.0,100.0,5.41,ZA,1658971674.0
samusu,-4.1536,13.55,69.91,76.0,100.0,2.89,CG,1658971678.0
faya,46.6806,113.2792,65.25,49.0,20.0,3.0,MN,1658971679.0
ulladulla,67.667,12.6934,49.86,79.0,14.0,13.09,NO,1658971680.0
cabo san lucas,16.3667,78.0667,76.51,84.0,67.0,2.73,IN,1658971682.0
hobart,58.0006,102.6619,58.69,84.0,100.0,4.29,RU,1658971683.0
khatanga,43.6702,-7.4101,60.96,86.0,13.0,4.81,ES,1658971684.0
fortuna,71.9167,114.0833,68.67,63.0,94.0,11.5,RU,1658971686.0
nikolskoye,-20.2078,57.7625,67.08,81.0,27.0,9.66,MU,1658971688.0
trelew,71.2906,-156.7887,33.82,100.0,100.0,17.27,US,1658971689.0
villa vazquez,10.9995,122.6711,84.07,77.0,100.0,8.25,PH,1658971691.0
honiara,-13.2,49.05,63.57,91.0,6.0,2.37,MG,1658971686.0
port shepstone,62.5333,155.8,58.39,39.0,61.0,6.4,RU,1658971694.0
madingou,-0.7393,-90.3518,70.56,92.0,100.0,7.0,EC,1658971644.0
baruun-urt,66.7697,123.3711,76.57,50.0,5.0,3.22,RU,1658971696.0
sorland,-20.0064,57.6608,67.37,79.0,2.0,3.0,MU,1658971464.0
wanparti,70.6333,147.9167,59.02,37.0,95.0,13.49,RU,1658971699.0
ust-ilimsk,11.2833,-15.8333,80.13,77.0,100.0,9.82,GW,1658971700.0
cervo,18.7,-95.5,81.28,76.0,100.0,13.13,MX,1658971701.0
saskylakh,72.7868,-56.1549,40.28,85.0,100.0,1.25,GL,1658971703.0
halalo,12.35,29.25,74.68,78.0,100.0,9.66,SD,1658971704.0
quatre cocos,-34.0033,24.7314,50.88,90.0,1.0,4.12,ZA,1658971705.0
barrow,8.5333,34.8,57.78,79.0,99.0,2.39,ET,1658971707.0
dingle,65.9667,29.1833,57.24,94.0,100.0,8.05,FI,1658971708.0
ambilobe,-24.8667,113.6333,72.21,48.0,100.0,1.74,AU,1658971628.0
omsukchan,26.5881,127.9761,86.45,79.0,77.0,7.7,JP,1658971710.0
puerto ayora,-45.4167,167.7167,41.7,98.0,100.0,2.08,NZ,1658971712.0
zhigansk,-46.2817,169.8464,44.91,95.0,100.0,6.73,NZ,1658971709.0
grand gaube,73.5069,80.5464,40.86,94.0,97.0,12.44,RU,1658971714.0
chokurdakh,37.1041,-113.5841,81.63,63.0,20.0,11.5,US,1658971593.0
bubaque,-4.9408,122.5276,81.93,60.0,7.0,9.82,ID,1658971716.0
mundo nuevo,31.6682,20.2521,78.75,68.0,0.0,4.45,LY,1658971718.0
upernavik,57.0531,-135.33,60.69,77.0,100.0,3.44,US,1658971426.0
abu zabad,20.8947,-156.47,87.82,48.0,20.0,23.02,US,1658971465.0
kruisfontein,-33.918,25.5701,53.1,93.0,40.0,2.3,ZA,1658971499.0
dembi dolo,-10.4389,-62.4664,76.87,37.0,68.0,2.37,BR,1658971722.0
kuusamo,17.8868,-77.5902,77.67,82.0,94.0,4.61,JM,1658971724.0
carnarvon,-34.5322,20.0403,48.99,91.0,0.0,5.57,ZA,1658971725.0
nago,53.8251,-101.2541,68.02,60.0,20.0,11.5,CA,1658971727.0
te anau,41.7178,-8.8571,61.5,83.0,0.0,7.0,PT,1658971714.0
kaitangata,70.9457,27.3465,50.05,100.0,100.0,18.41,NO,1658971730.0
dikson,59.1167,159.9667,51.89,89.0,94.0,6.04,RU,1658971732.0
saint george,-19.5314,-54.0439,72.95,32.0,0.0,2.95,BR,1658971733.0
katobu,63.7506,-68.5145,51.53,71.0,75.0,3.44,CA,1658971504.0
suluq,-35.3333,-72.4167,49.12,80.0,7.0,3.04,CL,1658971736.0
sitka,40.2503,-103.8,83.62,57.0,0.0,14.97,US,1658971488.0
kahului,64.3833,-173.3,46.51,100.0,100.0,7.0,RU,1658971697.0
port elizabeth,-34.7333,135.8667,56.3,71.0,3.0,9.71,AU,1658971739.0
jaru,33.7681,120.2517,85.89,74.0,10.0,5.37,CN,1658971741.0
bull savanna,4.8256,8.2343,74.52,93.0,100.0,4.03,NG,1658971742.0
bredasdorp,-28.9833,153.4167,64.85,52.0,0.0,4.12,AU,1658971744.0
grand river south east,37.7203,30.2908,65.1,45.0,0.0,4.61,TR,1658971746.0
the pas,64.8378,-147.7164,61.09,61.0,75.0,13.8,US,1658971748.0
areosa,41.1702,75.8106,66.65,44.0,52.0,0.67,KG,1658971750.0
kjollefjord,17.3333,42.6667,83.34,57.0,100.0,3.04,SA,1658971751.0
attawapiskat,27.9117,-15.5407,66.76,78.0,20.0,29.93,ES,1658971456.0
palana,60.7333,77.5889,58.46,72.0,45.0,8.05,RU,1658971753.0
camapua,-8.3581,-42.2467,75.9,44.0,58.0,3.04,BR,1658971755.0
iqaluit,69.4058,86.1778,54.63,68.0,100.0,10.42,RU,1658971756.0
constitucion,34.8014,-106.5436,80.04,54.0,85.0,4.7,US,1658971757.0
fort morgan,31.5791,-90.4407,76.8,68.0,71.0,4.07,US,1658971758.0
provideniya,-27.8014,28.4273,46.67,86.0,99.0,8.7,ZA,1658971760.0
port lincoln,-16.8392,36.9856,57.6,91.0,0.0,2.33,MZ,1658971761.0
hede,22.5667,59.5289,80.51,74.0,64.0,15.26,OM,1658971762.0
oron,-21.2078,-159.775,77.05,69.0,75.0,20.71,CK,1658971728.0
barentsburg,-24.4167,150.5,62.13,42.0,0.0,12.64,AU,1658971766.0
bagotville,-21.6403,-41.0511,69.4,80.0,0.0,9.8,BR,1658971599.0
burdur,-17.7125,-39.2481,68.79,83.0,4.0,2.84,BR,1658971769.0
sento se,-24.1333,19.1167,60.3,19.0,28.0,9.42,NA,1658971770.0
fairbanks,50.5,18.0,60.4,66.0,4.0,4.32,PL,1658971713.0
at-bashi,27.0377,14.4283,81.16,14.0,0.0,11.32,LY,1658971772.0
jizan,-32.035,-52.0986,57.31,95.0,91.0,7.49,BR,1658971774.0
santa lucia,34.0167,113.8167,77.4,87.0,100.0,6.31,CN,1658971775.0
strezhevoy,57.79,-152.4072,63.91,48.0,0.0,12.66,US,1658971503.0
sao joao do piaui,46.4333,26.4,63.52,85.0,12.0,3.69,RO,1658971777.0
dudinka,70.9821,25.9704,49.75,81.0,100.0,20.71,NO,1658971780.0
meadow lake,52.9599,4.7593,60.78,77.0,100.0,5.99,NL,1658971781.0
brookhaven,54.05,122.9,69.33,89.0,100.0,4.83,RU,1658971782.0
reitz,69.2167,-51.1,44.62,93.0,75.0,4.61,GL,1658971784.0
mocuba,13.9297,41.6925,90.1,68.0,97.0,2.35,ER,1658971785.0
sur,71.0357,27.8492,49.91,100.0,100.0,18.41,NO,1658971786.0
tsihombe,-25.1667,45.05,58.24,80.0,0.0,4.9,MG,1658971788.0
avarua,14.8961,-24.4956,78.8,87.0,99.0,1.41,CV,1658971789.0
biloela,-14.9003,50.2788,66.79,90.0,100.0,5.3,MG,1658971790.0
sao joao da barra,20.4833,-97.0167,83.3,74.0,7.0,13.38,MX,1658971792.0
caravelas,-37.3217,-59.1332,46.69,94.0,100.0,11.86,AR,1658971793.0
aranos,40.8068,-74.1854,81.0,69.0,0.0,6.91,US,1658971794.0
opole,3.8146,23.6866,68.31,100.0,99.0,2.33,CD,1658971796.0
sabha,-5.1989,-35.4608,73.98,84.0,11.0,11.16,BR,1658971797.0
rio grande,53.2168,-114.9854,74.68,75.0,0.0,7.38,CA,1658971798.0
xuchang,2.0371,45.3438,75.47,78.0,89.0,15.5,SO,1658971531.0
kodiak,-20.2333,164.0167,73.81,67.0,100.0,14.03,NC,1658971801.0
asau,-33.6971,-53.4616,58.8,98.0,100.0,5.61,UY,1658971802.0
nizhneyansk,61.95,159.2333,58.66,53.0,68.0,2.95,RU,1658971804.0
honningsvag,-1.2833,36.8167,59.97,82.0,75.0,3.44,KE,1658971805.0
den helder,-46.1333,167.6833,44.38,94.0,100.0,1.03,NZ,1658971552.0
urusha,51.9669,12.1396,53.82,68.0,44.0,5.46,DE,1658971808.0
ilulissat,-20.3428,57.7575,67.21,94.0,40.0,4.61,MU,1658971751.0
edd,36.6167,101.7667,61.38,46.0,1.0,3.31,CN,1658971642.0
mehamn,50.6996,-127.4199,75.38,60.0,20.0,9.22,CA,1658971813.0
beloha,52.0508,44.3451,68.59,68.0,98.0,6.55,RU,1658971814.0
sao filipe,69.4865,88.3972,54.21,62.0,89.0,11.16,RU,1658971815.0
antalaha,41.1415,-73.3579,77.43,64.0,0.0,5.99,US,1658971549.0
tecolutla,60.1432,-45.2371,42.37,86.0,96.0,7.67,GL,1658971818.0
tandil,37.4636,-122.4286,81.54,74.0,100.0,23.02,US,1658971819.0
bloomfield,78.2186,15.6401,42.64,81.0,75.0,21.85,SJ,1658971820.0
bondo,36.8163,50.8738,75.15,92.0,100.0,3.31,IR,1658971822.0
touros,29.9697,40.2064,87.37,13.0,6.0,10.25,SA,1658971823.0
drayton valley,53.5237,-2.4935,61.21,95.0,100.0,1.01,GB,1658971824.0
mogadishu,-36.7167,-73.1167,51.48,87.0,40.0,5.75,CL,1658971621.0
poum,35.0367,32.4264,75.02,45.0,0.0,1.3,CY,1658971828.0
chuy,-9.6658,-35.7353,74.64,83.0,40.0,3.44,BR,1658971639.0
evensk,-28.783,32.0377,64.63,87.0,87.0,5.84,ZA,1658971831.0
nairobi,-20.5167,57.5167,66.58,94.0,40.0,4.61,MU,1658971833.0
tuatapere,17.9583,-102.2,81.1,76.0,100.0,2.33,MX,1658971835.0
bone,-6.8367,-79.9342,62.92,86.0,48.0,17.02,PE,1658971836.0
bambous virieux,-33.0117,17.9442,44.65,68.0,0.0,4.18,ZA,1658971571.0
tarudant,65.9939,57.5281,61.07,61.0,60.0,12.57,RU,1658971839.0
xining,28.017,-97.5169,87.75,65.0,5.0,12.91,US,1658971840.0
port hardy,-29.9533,-71.3436,55.36,86.0,100.0,5.03,CL,1658971842.0
yekaterinovka,-30.1811,-50.2056,60.76,87.0,100.0,6.17,BR,1658971843.0
talnakh,-34.4833,-54.3333,64.08,93.0,100.0,8.3,UY,1658971844.0
westport,25.5384,-80.4089,84.22,82.0,20.0,8.05,US,1658971359.0
nanortalik,-8.103,156.8419,84.61,67.0,5.0,7.38,SB,1658971847.0
half moon bay,-14.6585,17.691,49.6,43.0,36.0,5.21,AO,1658971848.0
longyearbyen,43.3236,145.575,64.35,93.0,54.0,4.36,JP,1658971849.0
tonekabon,33.6416,42.8251,88.84,14.0,0.0,8.34,IQ,1658971851.0
sakakah,17.4833,106.6,88.74,59.0,65.0,3.13,VN,1658971852.0
atherton,-19.3911,-40.0722,64.58,92.0,0.0,1.83,BR,1658971854.0
tuggurt,10.1833,-61.6833,77.9,85.0,3.0,10.87,TT,1658971857.0
talcahuano,24.9639,118.3794,89.38,65.0,99.0,1.77,CN,1658971858.0
polis,25.5198,90.2201,79.16,87.0,67.0,3.94,IN,1658971861.0
maceio,7.0167,39.9833,48.25,91.0,85.0,3.78,ET,1658971862.0
rungata,-43.3002,-65.1023,41.45,78.0,10.0,13.98,AR,1658971837.0
richards bay,-10.1667,123.5833,82.9,51.0,8.0,16.04,ID,1658971864.0
souillac,-0.8667,134.0833,83.97,67.0,63.0,7.54,ID,1658971866.0
samalaeulu,-5.5569,-80.8222,63.97,81.0,6.0,17.25,PE,1658971867.0
lazaro cardenas,10.6167,104.1833,82.45,71.0,43.0,0.81,KH,1658971868.0
pimentel,10.5167,-61.4167,78.04,65.0,1.0,6.38,TT,1658971617.0
saldanha,41.3712,-73.414,76.77,72.0,0.0,0.0,US,1658971744.0
usinsk,66.1451,-65.7125,56.48,64.0,100.0,1.32,CA,1658971595.0
san patricio,38.5167,-28.7,73.0,86.0,36.0,11.07,PT,1658971660.0
coquimbo,-7.95,110.2833,80.8,75.0,72.0,6.49,ID,1658971874.0
cidreira,-9.0853,-78.5783,62.82,83.0,84.0,10.25,PE,1658971875.0
rocha,7.7669,-72.225,68.18,95.0,34.0,2.04,VE,1658971877.0
princeton,-0.7289,-47.8481,73.74,95.0,63.0,5.08,BR,1658971878.0
gizo,46.4856,135.8833,81.05,54.0,51.0,4.65,RU,1658971879.0
menongue,18.3,83.9,82.98,77.0,83.0,3.74,IN,1658971881.0
nemuro,38.7333,-27.0667,73.76,94.0,75.0,8.86,PT,1658971882.0
hit,-21.5355,-64.7296,67.91,60.0,6.0,5.75,BO,1658971883.0
dong hoi,37.3394,-121.895,85.59,52.0,75.0,11.5,US,1658971804.0
umzimvubu,57.8136,28.3496,51.71,100.0,21.0,0.0,RU,1658971886.0
linhares,48.3833,-4.6167,59.05,94.0,0.0,4.61,FR,1658971887.0
nguiu,70.0167,135.6,78.91,44.0,98.0,5.37,RU,1658971889.0
point fortin,3.1191,35.5973,77.36,56.0,96.0,12.8,KE,1658971890.0
ximei,10.5669,72.642,78.19,88.0,100.0,17.4,IN,1658971891.0
paradwip,52.805,104.7508,60.12,69.0,100.0,6.87,RU,1658971892.0
tura,-22.9661,-42.0278,69.76,78.0,0.0,10.36,BR,1658971895.0
goba,40.4394,113.1536,71.19,53.0,0.0,2.44,CN,1658971896.0
rawson,5.5577,95.3222,80.6,76.0,92.0,3.42,ID,1658971898.0
kupang,66.8333,70.8333,59.99,63.0,100.0,12.37,RU,1658971899.0
manokwari,3.9366,41.867,72.36,64.0,61.0,15.84,KE,1658971900.0
sechura,-3.3333,128.9167,77.45,91.0,99.0,10.85,ID,1658971902.0
kampot,14.1833,79.1667,81.34,78.0,76.0,1.1,IN,1658971903.0
chaguanas,60.8156,-115.7999,67.98,68.0,40.0,10.36,CA,1658971904.0
bethel,50.6789,156.125,55.38,86.0,96.0,7.07,RU,1658971906.0
pangnirtung,-6.8844,112.2051,82.65,71.0,100.0,7.38,ID,1658971907.0
ribeira grande,1.55,110.3333,82.62,83.0,20.0,2.3,MY,1658971908.0
bambanglipuro,55.2689,66.4947,59.31,79.0,100.0,11.7,RU,1658971910.0
chimbote,65.5833,-171.0,41.9,82.0,100.0,7.31,RU,1658971845.0
san cristobal,-25.3333,-57.5333,67.59,82.0,40.0,0.0,PY,1658971912.0
curuca,-34.0527,23.3716,55.35,75.0,0.0,5.48,ZA,1658971914.0
vostok,49.2833,120.7333,72.55,73.0,100.0,6.04,CN,1658971915.0
srikakulam,24.8875,-105.0728,64.78,76.0,99.0,3.29,MX,1658971916.0
praia da vitoria,-21.8019,-54.5464,72.37,41.0,18.0,3.02,BR,1658971642.0
tarija,-28.55,16.4333,52.05,86.0,0.0,4.23,NA,1658971709.0
san jose,36.4141,64.9053,84.38,27.0,3.0,6.85,AF,1658971920.0
pskov,26.8833,-111.9833,88.93,57.0,23.0,3.78,MX,1658971921.0
plouzane,22.9036,-83.1592,80.64,85.0,92.0,8.9,CU,1658971922.0
ust-kuyga,42.8,93.45,89.65,10.0,0.0,11.05,CN,1658971924.0
lodwar,-28.65,153.6167,64.94,51.0,1.0,6.71,AU,1658971925.0
kavaratti,25.9018,-97.4975,87.78,66.0,0.0,14.97,US,1658971926.0
ust-ordynskiy,43.3,52.8,80.85,34.0,100.0,15.48,KZ,1658971929.0
grand centre,-26.6167,-54.1333,62.04,75.0,61.0,2.19,AR,1658971756.0
arraial do cabo,6.4965,2.6036,78.62,86.0,100.0,9.89,BJ,1658971931.0
fengzhen,13.35,-15.75,76.3,92.0,52.0,5.86,GM,1658971933.0
banda aceh,-38.0023,-57.5575,51.1,58.0,100.0,17.0,AR,1658971934.0
yar-sale,38.0,-3.5,73.02,46.0,0.0,1.05,ES,1658971936.0
mandera,68.7098,-52.8699,34.56,98.0,85.0,4.65,GL,1658971906.0
amahai,-8.4192,20.7447,63.59,35.0,91.0,4.21,AO,1658971939.0
rajampet,-25.1667,46.0833,63.34,80.0,16.0,5.66,MG,1658971941.0
hay river,22.4,-79.9667,80.26,83.0,40.0,11.5,CU,1658971727.0
severo-kurilsk,-30.0319,-70.7081,58.5,69.0,100.0,0.36,CL,1658971943.0
labuhan,-22.0016,148.0466,63.7,36.0,0.0,17.81,AU,1658971944.0
kuching,60.7477,14.8746,46.26,81.0,6.0,3.98,SE,1658971946.0
lebyazhye,64.2539,-15.2082,53.58,99.0,100.0,24.16,IS,1658971947.0
lavrentiya,16.1525,36.2032,77.31,77.0,91.0,14.34,SD,1658971949.0
san lorenzo,11.1373,123.7228,84.33,72.0,98.0,10.0,PH,1658971951.0
plettenberg bay,58.8053,-122.7002,80.19,47.0,20.0,3.44,CA,1658971855.0
yakeshi,42.2683,118.9636,65.53,85.0,100.0,2.39,CN,1658971953.0
nuevo ideal,61.5996,5.0328,46.36,81.0,10.0,4.61,NO,1658971954.0
rio brilhante,24.4167,81.8833,81.72,74.0,99.0,6.44,IN,1658971956.0
oranjemund,17.0151,54.0924,77.09,94.0,100.0,8.05,OM,1658971957.0
dawlatabad,-6.9811,-34.8339,74.07,81.0,66.0,9.73,BR,1658971958.0
mulege,22.9333,57.5333,76.17,81.0,94.0,6.04,OM,1658971960.0
bahia honda,66.0449,-17.3389,53.71,84.0,49.0,8.12,IS,1658971961.0
hami,22.1839,112.3026,94.96,56.0,9.0,2.01,CN,1658971963.0
byron bay,39.9523,-75.1638,83.01,75.0,0.0,5.75,US,1658971881.0
brownsville,4.9247,6.2642,73.83,96.0,99.0,5.28,NG,1658971965.0
tabiauea,14.1871,122.5119,85.89,70.0,100.0,6.26,PH,1658971966.0
zhanaozen,43.3089,17.8069,69.69,94.0,75.0,2.3,BA,1658971968.0
san vicente,39.4625,-3.608,73.15,36.0,0.0,5.28,ES,1658971969.0
porto novo,58.5667,5.7,50.59,80.0,47.0,18.54,NO,1658971970.0
nioro,-34.6177,-68.3301,47.14,65.0,79.0,2.26,AR,1658971971.0
mar del plata,39.7432,98.5174,83.91,12.0,100.0,5.75,CN,1658971973.0
jaen,15.7432,-96.4661,80.82,92.0,55.0,2.08,MX,1658971974.0
aasiaat,27.9769,-114.0611,70.21,78.0,63.0,16.37,MX,1658971975.0
gurgan,53.0452,158.6483,73.99,43.0,40.0,4.47,RU,1658971714.0
lucapa,68.2191,-135.0107,56.23,54.0,96.0,14.88,CA,1658971978.0
ambovombe,2.7809,45.5005,69.96,87.0,21.0,6.58,SO,1658971979.0
santa clara,32.0036,-80.9737,84.97,64.0,0.0,5.75,US,1658971980.0
vicuna,42.1584,-72.3287,75.24,73.0,75.0,3.44,US,1658971770.0
moranbah,20.5022,-10.0711,96.31,10.0,0.0,9.28,MR,1658971924.0
alvik,64.8945,-23.7142,47.84,81.0,100.0,25.59,IS,1658971984.0
hofn,5.4678,-3.2071,73.98,90.0,83.0,6.98,CI,1658971985.0
keshan,41.2835,-70.0995,75.25,85.0,0.0,6.91,US,1658971768.0
wagar,67.8557,20.2251,47.32,71.0,100.0,6.91,SE,1658971988.0
sulangan,40.6884,-75.2207,81.18,72.0,0.0,8.05,US,1658971967.0
fort nelson,52.4411,61.7408,58.5,75.0,8.0,13.78,KZ,1658971991.0
chifeng,-2.4959,-66.2662,74.52,88.0,9.0,2.93,BR,1658971993.0
floro,26.5412,-77.0636,82.18,73.0,57.0,12.08,BS,1658971994.0
sidhi,4.8699,-2.2405,75.99,82.0,99.0,13.56,GH,1658971996.0
salalah,39.8167,98.3,81.86,13.0,100.0,7.52,CN,1658971997.0
cabedelo,45.1805,-89.6835,70.81,60.0,40.0,5.75,US,1658971998.0
nizwa,7.6947,126.5503,85.15,69.0,100.0,4.54,PH,1658972000.0
husavik,-8.9266,125.4092,67.86,49.0,14.0,5.14,TL,1658972001.0
encheng,42.2506,-75.833,75.88,77.0,74.0,1.01,US,1658972003.0
filadelfia,69.3,139.9,60.46,42.0,81.0,5.75,RU,1658972004.0
yenagoa,10.9878,-74.9547,80.69,84.0,99.0,17.56,CO,1658972006.0
malatap,22.2394,68.9678,81.88,78.0,91.0,9.62,IN,1658972008.0
rodoc,64.5011,-165.4064,54.16,82.0,100.0,11.5,US,1658972009.0
consuegra,58.965,-3.296,53.56,90.0,98.0,3.0,GB,1658971926.0
vigrestad,66.4167,112.4,82.45,57.0,22.0,8.46,RU,1658972011.0
san rafael,10.3744,10.7288,70.48,97.0,100.0,6.87,NG,1658972013.0
jiuquan,37.8486,40.6658,74.93,25.0,0.0,2.1,TR,1658972014.0
pochutla,39.7228,64.5517,77.04,36.0,0.0,11.5,UZ,1658972015.0
guerrero negro,-5.95,34.1333,56.1,80.0,61.0,7.43,TZ,1658972017.0
petropavlovsk-kamchatskiy,38.9342,100.4517,82.45,20.0,73.0,3.11,CN,1658972018.0
aklavik,-41.8697,-73.8203,43.45,92.0,22.0,4.79,CL,1658972019.0
jawhar,8.9242,-67.4293,74.21,91.0,47.0,2.17,VE,1658972022.0
wilmington island,-31.95,141.4333,58.05,37.0,0.0,5.84,AU,1658972023.0
palmer,64.5667,143.2,71.47,41.0,87.0,1.97,RU,1658972025.0
adrar,62.5833,6.1333,49.75,87.0,100.0,4.61,NO,1658972027.0
olafsvik,39.05,-27.9833,71.22,81.0,0.0,7.74,PT,1658972028.0
aboisso,65.7,82.4667,55.29,73.0,92.0,17.58,RU,1658972029.0
nantucket,61.25,73.4167,60.44,69.0,100.0,9.84,RU,1658972031.0
kiruna,13.4667,22.2,70.54,79.0,100.0,11.23,TD,1658972032.0
easton,10.9492,-4.9342,70.93,90.0,32.0,8.34,BF,1658972033.0
ordzhonikidze,5.6667,73.0,81.86,74.0,100.0,14.76,MV,1658972035.0
macaboboni,18.5616,120.7868,85.75,74.0,100.0,5.01,PH,1658972036.0
fonte boa,26.1842,127.7558,85.68,81.0,75.0,11.5,JP,1658972038.0
marsh harbour,38.8003,-90.6265,80.58,82.0,0.0,4.61,US,1658972039.0
axim,-3.4626,120.2147,70.38,90.0,97.0,3.0,ID,1658972040.0
jiayuguan,65.9811,60.3094,61.97,59.0,100.0,8.34,RU,1658972042.0
merrill,41.2,1.5683,79.86,84.0,64.0,4.18,ES,1658972043.0
kinablangan,50.6665,-120.3192,101.39,33.0,20.0,4.61,CA,1658972044.0
airai,33.1222,46.1646,91.11,9.0,18.0,9.24,IR,1658972046.0
broome,9.3086,15.8066,70.95,96.0,100.0,4.05,TD,1658972047.0
deputatskiy,7.5264,-12.505,74.08,91.0,85.0,6.53,SL,1658972048.0
bargal,31.3525,27.2453,75.4,83.0,0.0,2.3,EG,1658972050.0
puerto colombia,36.2126,57.6819,79.88,39.0,20.0,18.41,IR,1658972051.0
dwarka,27.2025,60.6848,83.3,62.0,78.0,1.48,IR,1658972052.0
nome,60.5544,-151.2583,69.89,32.0,0.0,8.05,US,1658972053.0
stromness,27.3747,87.2039,73.27,88.0,100.0,1.19,NP,1658972055.0
udachnyy,40.4592,-90.6718,80.78,69.0,0.0,4.61,US,1658972056.0
bara,26.1247,127.6694,86.4,86.0,75.0,8.05,JP,1658972057.0
bismil,28.131,82.2973,77.85,78.0,100.0,2.21,NP,1658972059.0
kogon,35.55,133.2333,87.78,74.0,75.0,6.91,JP,1658972060.0
mgandu,9.285,105.7244,84.18,72.0,83.0,1.74,VN,1658971972.0
zhangye,52.6333,29.7333,53.53,97.0,89.0,7.4,BY,1658972063.0
ancud,5.9667,80.4167,76.5,89.0,90.0,8.19,LK,1658972064.0
higuey,54.3161,-130.3201,67.69,80.0,0.0,14.97,CA,1658972065.0
calabozo,-20.7333,139.5,71.37,26.0,0.0,12.66,AU,1658971864.0
broken hill,25.9873,-80.2323,84.99,78.0,0.0,10.36,US,1658971925.0
warqla,70.9963,24.6622,48.43,89.0,100.0,21.56,NO,1658972069.0
ust-nera,36.3209,41.8754,85.41,17.0,0.0,9.33,IQ,1658972070.0
roald,42.4308,130.6434,74.44,84.0,70.0,8.75,RU,1658972071.0
lagoa,51.226,-58.6502,58.17,90.0,75.0,7.11,CA,1658972073.0
krasnoselkup,55.4333,86.0833,67.28,72.0,0.0,4.47,RU,1658972074.0
surgut,35.1333,140.3,84.22,79.0,83.0,11.9,JP,1658971835.0
adre,25.7634,-80.3731,84.22,80.0,20.0,8.05,US,1658971841.0
orodara,-2.6741,141.3028,86.05,66.0,49.0,7.25,PG,1658972078.0
ugoofaaru,-15.7667,128.7333,75.18,20.0,5.0,10.36,AU,1658972080.0
pagudpud,34.6391,-120.4579,75.02,78.0,20.0,13.8,US,1658972081.0
nishihara,52.634,-1.6959,60.37,84.0,100.0,3.0,GB,1658971937.0
saint peters,43.4065,-124.2243,75.24,91.0,100.0,8.05,US,1658971855.0
kaili,42.7762,-9.0603,60.84,84.0,87.0,2.71,ES,1658972085.0
verkhnyaya inta,32.6572,51.6776,73.04,63.0,10.0,3.4,IR,1658972086.0
calafell,-32.55,115.7,61.92,60.0,96.0,11.68,AU,1658972087.0
kamloops,63.0128,112.4714,82.89,55.0,0.0,9.86,RU,1658972089.0
mehran,45.0205,-93.218,75.13,44.0,0.0,12.66,US,1658972090.0
kelo,-8.7676,160.7034,86.52,61.0,19.0,3.83,SB,1658972092.0
bonthe,51.8,68.3333,67.68,69.0,9.0,15.1,KZ,1658972054.0
marsa matruh,25.7,100.1833,67.15,82.0,97.0,1.68,CN,1658972095.0
sabzevar,-14.9594,-39.2997,70.39,95.0,3.0,2.13,BR,1658972097.0
iranshahr,34.0536,73.1657,74.82,87.0,100.0,3.91,PK,1658972100.0
kenai,52.225,141.5131,58.77,77.0,98.0,9.33,RU,1658972101.0
khandbari,19.8,85.85,82.92,72.0,84.0,9.42,IN,1658972103.0
macomb,12.5847,-81.7006,82.42,78.0,75.0,9.22,CO,1658972104.0
itoman,9.2319,-80.0867,78.26,87.0,100.0,1.45,PA,1658972105.0
tulsipur,-25.2406,130.9889,57.49,23.0,10.0,13.98,AU,1658971976.0
sakaiminato,-3.6954,128.1814,80.74,83.0,75.0,9.22,ID,1658972108.0
bac lieu,59.2333,11.2,55.54,78.0,8.0,5.73,NO,1658972109.0
svetlogorsk,46.8348,9.4508,64.56,65.0,41.0,5.01,CH,1658972111.0
weligama,41.1833,23.25,75.92,52.0,1.0,2.75,GR,1658972112.0
prince rupert,10.5208,119.9258,84.11,73.0,100.0,6.62,PH,1658972113.0
mount isa,11.0297,20.2827,71.17,97.0,100.0,2.66,TD,1658972115.0
miramar,38.2019,20.4314,78.96,67.0,6.0,4.09,GR,1658972117.0
havoysund,37.7667,-25.7,71.85,83.0,75.0,3.44,PT,1658972118.0
sinjar,36.8529,-75.978,84.22,87.0,100.0,10.36,US,1658972000.0
khasan,28.3667,129.4833,83.32,81.0,81.0,15.79,JP,1658971987.0
saint-augustin,-27.7951,-64.2615,71.8,45.0,52.0,16.46,AR,1658972123.0
borovoy,-39.0333,-67.5833,47.62,57.0,1.0,12.19,AR,1658972124.0
katsuura,17.8815,-76.4093,82.02,83.0,19.0,6.24,JM,1658972125.0
sweetwater,-9.8756,-56.0861,71.71,41.0,0.0,2.51,BR,1658972127.0
tawnat,62.7161,129.6658,87.66,37.0,3.0,2.19,RU,1658971838.0
vanimo,10.1667,38.1333,50.22,92.0,63.0,3.44,ET,1658972129.0
kununurra,41.7057,-70.2286,73.87,72.0,0.0,12.66,US,1658972131.0
lompoc,46.6166,10.7002,58.37,91.0,92.0,2.13,IT,1658972060.0
tamworth,26.3544,127.8686,85.62,79.0,75.0,9.22,JP,1658972133.0
north bend,68.0546,166.4372,52.29,47.0,100.0,3.09,RU,1658972135.0
muros,43.7272,-1.0516,65.79,91.0,100.0,1.14,FR,1658972136.0
esfahan,52.1058,-101.2676,64.29,59.0,68.0,6.91,CA,1658972138.0
mandurah,43.9344,141.6428,74.71,79.0,53.0,6.13,JP,1658972139.0
chernyshevskiy,9.45,-5.6333,70.32,91.0,81.0,7.11,CI,1658972140.0
saint anthony,40.9922,45.6289,69.08,64.0,1.0,6.42,AZ,1658972142.0
vaitupu,-19.9842,57.6142,67.46,79.0,2.0,1.99,MU,1658972143.0
auki,52.0,127.7,82.4,55.0,84.0,9.71,RU,1658972144.0
atbasar,-26.7852,-60.4388,74.66,42.0,68.0,6.02,AR,1658972145.0
dali,-6.6024,147.8681,82.42,74.0,26.0,11.3,PG,1658972147.0
buerarema,13.2167,-59.5167,81.21,86.0,40.0,18.41,BB,1658972148.0
mendahara,38.4167,77.2406,88.47,18.0,3.0,5.86,CN,1658972149.0
tumannyy,-4.3003,-38.4978,73.24,89.0,66.0,1.86,BR,1658972151.0
havelian,37.5645,-97.3523,88.32,52.0,0.0,11.5,US,1658972152.0
lazarev,-16.5,-68.15,42.78,26.0,5.0,2.3,BO,1658971858.0
puri,34.4133,-119.861,85.35,50.0,0.0,6.91,US,1658971921.0
san andres,45.0015,41.1795,60.75,82.0,0.0,4.7,RU,1658972156.0
palmas bellas,44.0582,-121.3153,99.68,15.0,0.0,9.22,US,1658972157.0
yulara,-3.2003,-59.8119,83.01,70.0,91.0,3.27,BR,1658972158.0
ambon,29.0415,67.8239,88.57,67.0,100.0,3.13,PK,1658972159.0
skjeberg,58.8353,125.4869,81.43,50.0,10.0,4.59,RU,1658972163.0
domat,29.5958,-90.7195,81.0,87.0,0.0,4.61,US,1658972165.0
neokhorion,-17.6394,-71.3375,59.25,83.0,55.0,6.13,PE,1658972167.0
osmena,-23.865,35.3833,63.48,80.0,0.0,4.97,MZ,1658972169.0
am timan,23.2167,-106.4167,86.02,85.0,100.0,5.75,MX,1658972103.0
paucartambo,-37.1833,139.75,54.16,63.0,100.0,5.97,AU,1658972172.0
lixourion,56.4469,48.1214,57.47,81.0,12.0,3.96,RU,1658972173.0
arrifes,37.15,122.3833,77.36,90.0,100.0,9.62,CN,1658972174.0
virginia beach,-9.9133,-63.0408,75.16,44.0,6.0,1.83,BR,1658972176.0
naze,37.7167,-25.4333,73.81,93.0,66.0,3.31,PT,1658972177.0
marcona,40.1292,124.3947,82.18,71.0,100.0,13.67,CN,1658972178.0
santiago del estero,31.6315,-8.0083,75.27,53.0,0.0,5.75,MA,1658972103.0
general roca,27.2696,31.1511,79.02,20.0,3.0,5.64,EG,1658972182.0
morant bay,16.6362,1.637,90.27,42.0,100.0,18.37,ML,1658972183.0
alta floresta,11.5444,-72.9072,79.27,78.0,16.0,10.31,CO,1658972076.0
namtsy,69.6496,18.957,48.22,87.0,100.0,5.75,NO,1658972185.0
dejen,40.0444,-111.7321,91.45,23.0,75.0,9.22,US,1658972187.0
yarmouth,-32.7167,152.15,63.0,57.0,0.0,8.99,AU,1658972188.0
lasa,3.3285,99.1625,80.73,75.0,55.0,1.99,ID,1658972189.0
gushikawa,14.3,-91.9167,78.94,80.0,42.0,2.53,GT,1658972191.0
bilibino,21.2311,-86.731,82.45,80.0,7.0,12.59,MX,1658972192.0
saint-paul-les-dax,38.2414,16.2623,79.32,66.0,0.0,6.44,IT,1658972193.0
swan river,67.6333,134.6333,80.78,38.0,73.0,1.43,RU,1658972194.0
rumoi,6.9833,35.5833,60.13,90.0,100.0,2.82,ET,1658972196.0
korhogo,0.5167,25.2,70.59,97.0,100.0,1.99,CD,1658972197.0
tovuz,1.6381,18.0667,70.45,91.0,100.0,0.09,CG,1658972198.0
cap malheureux,40.4272,71.7189,79.52,44.0,3.0,6.91,UZ,1658972200.0
shimanovsk,-25.4,-70.4833,60.01,79.0,100.0,3.89,CL,1658972201.0
presidencia roque saenz pena,37.1904,10.1837,79.11,76.0,1.0,18.48,TN,1658972202.0
finschhafen,-12.9025,45.0761,73.38,66.0,0.0,9.89,YT,1658972204.0
bathsheba,-16.2325,39.9086,69.94,76.0,57.0,9.4,MZ,1658972205.0
shache,55.3422,-131.6461,77.47,41.0,0.0,9.22,US,1658971921.0
chorozinho,-13.8483,136.4192,77.38,58.0,8.0,15.32,AU,1658972207.0
haysville,12.485,-16.5469,77.18,84.0,83.0,6.6,SN,1658972209.0
la paz,-2.0226,147.2712,84.63,72.0,50.0,12.37,PG,1658972005.0
isla vista,7.7777,100.3213,82.0,78.0,99.0,4.7,TH,1658972211.0
prikubanskiy,-7.8833,111.1167,79.32,73.0,97.0,2.33,ID,1658972212.0
bend,43.7806,7.6645,80.55,64.0,7.0,4.7,IT,1658972214.0
careiro da varzea,7.1913,8.1329,71.47,95.0,100.0,4.74,NG,1658972215.0
bhag,-7.9589,-79.2392,60.93,88.0,100.0,12.66,PE,1658972216.0
artyk,51.3813,1.3862,63.9,74.0,100.0,4.0,GB,1658972138.0
louisbourg,11.6667,92.75,82.44,83.0,75.0,2.3,IN,1658971996.0
nizhniy kuranakh,40.3944,44.6848,58.78,75.0,0.0,5.91,AM,1658972220.0
viligili,63.9242,127.4739,79.83,52.0,3.0,2.82,RU,1658972221.0
houma,2.9333,11.9833,65.91,100.0,85.0,2.82,CM,1658972223.0
ilo,36.8886,4.1198,76.73,69.0,0.0,8.12,DZ,1658972224.0
toliary,57.765,29.5561,51.57,98.0,17.0,3.09,RU,1658972225.0
inhambane,60.3778,92.6267,63.01,72.0,99.0,1.12,RU,1658972226.0
mazatlan,33.1378,11.2197,84.81,33.0,3.0,5.21,TN,1658972228.0
robe,55.9461,67.6736,56.52,90.0,100.0,13.62,RU,1658972229.0
surok,34.4506,40.9171,87.33,16.0,0.0,7.07,SY,1658972231.0
yatou,61.2767,108.0108,71.53,66.0,24.0,7.47,RU,1658972232.0
ariquemes,6.8206,-5.2767,73.29,100.0,100.0,4.61,CI,1658972233.0
vila franca do campo,53.7929,40.4892,67.75,74.0,24.0,6.17,RU,1658972235.0
dandong,57.5017,59.8956,55.31,80.0,0.0,4.83,RU,1658972237.0
el badari,-3.2778,-39.2689,78.49,81.0,94.0,11.61,BR,1658971987.0
marrakesh,50.9833,11.0333,55.02,72.0,0.0,1.14,DE,1658972240.0
abnub,30.6945,78.4932,66.47,98.0,100.0,1.39,IN,1658972242.0
gao,32.5341,20.5791,77.94,82.0,0.0,4.68,LY,1658972243.0
riohacha,-13.4408,-49.1486,69.8,38.0,0.0,2.57,BR,1658972244.0
tromso,60.9167,-46.05,50.22,86.0,11.0,4.16,GL,1658972245.0
payson,-41.0667,145.9167,50.94,62.0,100.0,9.06,AU,1658972247.0
nelson bay,-27.0964,-52.6183,59.2,92.0,89.0,2.59,BR,1658972248.0
tebingtinggi,-17.8,-63.1667,74.66,78.0,9.0,5.75,BO,1658972045.0
champerico,22.1928,-78.9136,77.49,87.0,97.0,7.14,CU,1658972251.0
isla mujeres,40.9167,39.8333,64.49,78.0,0.0,4.61,TR,1658972253.0
locri,-2.9022,-40.8411,77.76,76.0,78.0,9.08,BR,1658972255.0
batagay,51.8912,26.846,54.57,90.0,92.0,2.3,BY,1658972256.0
mizan teferi,-0.4819,15.8999,71.71,74.0,99.0,2.28,CG,1658972257.0
kisangani,-20.7377,116.8463,77.68,36.0,0.0,15.95,AU,1658972258.0
impfondo,43.2128,-75.4557,72.73,83.0,0.0,1.99,US,1658972260.0
komsomolskiy,47.1666,-55.1483,61.86,100.0,12.0,5.01,CA,1658972261.0
taltal,63.863,-21.1481,50.05,80.0,100.0,19.62,IS,1658972262.0
rafraf,25.9726,-81.729,84.22,85.0,0.0,0.0,US,1658972264.0
boueni,49.4867,105.9228,60.58,68.0,100.0,3.58,MN,1658972255.0
angoche,-35.7167,150.1833,57.09,46.0,22.0,5.12,AU,1658972268.0
ketchikan,-14.25,129.55,82.56,28.0,44.0,10.8,AU,1658972269.0
alyangula,43.5064,123.5064,80.53,69.0,100.0,5.03,CN,1658972270.0
oussouye,-2.65,10.0,68.61,92.0,33.0,2.95,GA,1658972145.0
lorengau,-51.6226,-69.2181,33.85,69.0,0.0,20.71,AR,1658972273.0
ranot,32.2994,-9.2372,68.67,83.0,3.0,14.5,MA,1658972140.0
jatiroto,68.861,18.3486,50.43,90.0,100.0,1.99,NO,1658972276.0
bordighera,2.1833,22.4667,71.1,97.0,100.0,1.57,CD,1658972277.0
otukpo,-37.8333,140.7667,54.01,59.0,100.0,7.2,AU,1658972079.0
santiago de cao,4.375,-7.7169,75.22,75.0,99.0,11.45,LR,1658972280.0
margate,29.5,78.75,84.79,63.0,73.0,3.58,IN,1658972281.0
port blair,-22.4,46.1167,58.17,85.0,74.0,7.09,MG,1658972282.0
fantan,47.8667,88.1167,74.88,29.0,15.0,3.42,CN,1658972284.0
sangar,68.2342,14.5683,46.38,83.0,75.0,5.77,NO,1658972285.0
sangmelima,-6.4667,16.8167,65.03,39.0,57.0,1.59,CD,1658972287.0
tigzirt,61.7533,48.5442,59.27,77.0,16.0,5.19,RU,1658972288.0
porkhov,4.6374,103.4368,78.73,94.0,20.0,0.0,MY,1658972289.0
teya,46.5389,138.3297,68.85,82.0,43.0,6.71,RU,1658972291.0
bin qirdan,-6.1349,12.3689,69.3,90.0,99.0,4.63,AO,1658972292.0
armizonskoye,-19.25,146.8,68.88,32.0,0.0,6.91,AU,1658972282.0
abu kamal,7.3167,13.5833,62.83,97.0,100.0,0.6,CM,1658972247.0
yerbogachen,-20.3167,118.5667,75.25,31.0,0.0,11.5,AU,1658972296.0
yamoussoukro,-11.3847,43.2844,75.54,70.0,37.0,5.73,KM,1658972297.0
ukholovo,-6.5742,-76.1367,77.85,86.0,47.0,0.94,PE,1658972298.0
